0,2.0186357199296654,0.27392717236467234,1.7892029525756836,0.416,0.00011999999999999999,30.793285846710205
1,1.7715533509892956,0.40722934472934474,1.5828238147735596,0.5116,0.00017999999999999998,31.24151372909546
2,1.656247424603867,0.46498842592592593,1.52432191696167,0.5384,0.00023999999999999998,32.79913926124573
3,1.5857030207614953,0.5002448361823362,1.4952726650238037,0.547,0.0003,35.000223875045776
4,1.5386672512418524,0.5217681623931624,1.4424928955078125,0.5728,0.0003,37.01165318489075
5,1.4892957862625775,0.5470085470085471,1.4073453603744508,0.5872,0.0002999179869890213,36.77823352813721
6,1.451755195261746,0.5640580484330484,1.37840582113266,0.6072,0.00029967204630374904,36.046496629714966
7,1.4142949876622257,0.5802394943019943,1.3454378503799438,0.6174,0.0002992624372243881,36.42013692855835
8,1.3836773419991517,0.5950186965811965,1.3170963718414306,0.6326,0.00029868960678577423,37.10931038856506
9,1.3564107903727778,0.6083733974358975,1.26947346534729,0.6572,0.000297954198718071,35.63120722770691
10,1.3222184004607025,0.6239983974358975,1.2731782360076904,0.657,0.00029705699086189267,36.52725958824158
11,1.2998563706705033,0.6338808760683761,1.2233340909957886,0.6692,0.0002959989935159683,36.34150815010071
12,1.2747909805373927,0.6487936253561254,1.2051272035598755,0.6842,0.0002947813421487808,36.143165826797485
13,1.258317103073468,0.6546029202279202,1.182549662399292,0.6934,0.0002934053689241409,36.89898324012756
14,1.2295020380590715,0.6692485754985755,1.1835874547958374,0.6924,0.00029187258481979365,36.77557373046875
15,1.2078663283943112,0.6778178418803419,1.1566461429595947,0.7004,0.0002901846706867218,36.14776539802551
16,1.1951378821647405,0.6841835826210826,1.1367060759544372,0.7174,0.00028834345936775205,36.702420234680176
17,1.172523847332707,0.6943999287749287,1.1222931230545043,0.7186,0.0002863509804010391,36.762580156326294
18,1.151769497965136,0.7037259615384616,1.1309726346969604,0.7164,0.0002842093974351883,36.184009075164795
19,1.1390233656280062,0.7128961894586895,1.1485201319694518,0.71,0.0002819210618734359,35.74745178222656
20,1.1244339637267284,0.7178596866096866,1.086979066848755,0.7394,0.0002794884771108627,36.43672037124634
21,1.1065307067670034,0.7265402421652422,1.087928045272827,0.7352,0.0002769142895936966,36.218727350234985
22,1.0940301280755262,0.7337072649572649,1.0830970076560975,0.7382,0.00027420132458209987,35.4709312915802
23,1.084854907289869,0.7372017450142451,1.079427899646759,0.7392,0.00027135255038738247,35.993160009384155
24,1.067814179635116,0.7425213675213675,1.0427995338439942,0.7622,0.00026837107837200165,35.731162786483765
25,1.0571819265343865,0.7477742165242165,1.050164889526367,0.7528,0.00026526016294956207,36.56670784950256
26,1.0449383381085517,0.7542512464387464,1.0458624613761902,0.7574,0.0002620232194662094,36.493326902389526
27,1.0364926858165664,0.7584579772079773,1.0322783615112305,0.7632,0.0002586637794971466,35.64759063720703
28,1.0249642999763162,0.7648459757834758,1.02571206407547,0.7734,0.000255185517668724,36.53643846511841
29,1.0121553492681932,0.768318198005698,1.0166702926635742,0.7758,0.0002515922337770462,36.12825012207031
30,1.001775122775651,0.7743945868945868,1.0169866147994995,0.7728,0.0002478878617286682,36.3411283493042
31,0.9919061249817199,0.7786903490028491,0.9964570336341858,0.775,0.00024407645165920255,36.37117910385132
32,0.9840091227466224,0.7829638532763533,0.9844919115066528,0.7852,0.0002401621788740158,36.116209506988525
33,0.9798730504818451,0.7838541666666666,0.9927149213790893,0.7826,0.00023614929914474484,36.529929876327515
34,0.9666806720940136,0.7908208689458689,0.9858544670104981,0.7814,0.00023204222917556761,36.43667960166931
35,0.9598303165530887,0.7946492165242165,0.9981276609420776,0.7796,0.0002278454393148422,35.35465931892395
36,0.9483238489199908,0.7986556267806267,0.9857636154174805,0.7842,0.00022356353402137755,35.67667102813721
37,0.9377008308032979,0.8040642806267806,0.9755743774414063,0.7908,0.0002192011713981628,36.40323305130005
38,0.9359872120398062,0.8042423433048433,0.9797877453804016,0.7916,0.0002147631525993347,36.58644127845764
39,0.928718050490757,0.8089610042735043,0.9598365467071533,0.7964,0.0002102543145418167,36.70348787307739
40,0.9222005750039364,0.8099626068376068,0.9690978295326232,0.7936,0.0002056795924901962,36.12230324745178
41,0.9153182584675629,0.8125667735042735,0.9421989787101746,0.8048,0.00020104398429393768,35.5108437538147
42,0.9060631618540511,0.8188212250712251,0.942166063785553,0.8026,0.00019635254591703413,36.55534601211548
43,0.9023856561408083,0.8199786324786325,0.9306223117828369,0.806,0.00019161043614149091,35.675457239151
44,0.8926122402533506,0.8239405270655271,0.952010313987732,0.8046,0.00018682282492518424,36.74729776382446
45,0.8878054284302258,0.8260105056980057,0.9307854389190674,0.8112,0.00018199494928121564,36.35242748260498
46,0.8782004513631859,0.8302617521367521,0.9236723905563354,0.8136,0.0001771320708096027,36.485514402389526
47,0.875611228990419,0.8314414173789174,0.9314474924087525,0.8134,0.00017223954275250435,36.564974784851074
48,0.8678195580118402,0.8368945868945868,0.9368078155517578,0.8088,0.0001673226937651634,35.90949988365173
49,0.8605078003685019,0.8384526353276354,0.9415126518249511,0.8092,0.00016238690391182897,35.7680938243866
50,0.8584010315756513,0.8392539173789174,0.9114670776367187,0.8168,0.00015743756890296935,36.549660444259644
51,0.8492874971821777,0.8446625712250713,0.916499292087555,0.8138,0.0001524800833314657,35.819671869277954
52,0.8450643002477467,0.8463319088319088,0.9310767973899842,0.8138,0.00014751990353688597,36.04492259025574
53,0.8399052869560372,0.8481570512820513,0.9103092131614685,0.815,0.00014256243556737898,35.985084772109985
54,0.8377125465292536,0.8489360754985755,0.926725678062439,0.8142,0.00013761310055851936,35.38991975784302
55,0.8299038508678773,0.8516960470085471,0.9084654434204101,0.8204,0.00013267731070518493,35.74472951889038
56,0.8242156396903882,0.8563924501424501,0.9236206464767456,0.8168,0.00012776044383645057,36.18892288208008
57,0.8204092121871448,0.85721599002849,0.9127818778991699,0.8218,0.00012286791577935217,35.734917640686035
58,0.813683966286162,0.859642094017094,0.9148394011497497,0.8214,0.00011800505518913268,36.60054063796997
59,0.8082022087866085,0.8610220797720798,0.9005894535064697,0.8312,0.0001131771795451641,35.97231101989746
60,0.8022438540757552,0.86502849002849,0.9144471205711365,0.8172,0.00010838956832885741,36.8366379737854
61,0.8037313730628403,0.8649617165242165,0.9004142685890197,0.8274,0.00010364744514226912,36.42389702796936
62,0.7944977891411197,0.867988782051282,0.9156326545715332,0.8182,9.895602017641066e-05,35.72969913482666
63,0.7897838771852672,0.8719506766381766,0.8906183124542236,0.8358,9.432041198015212e-05,35.7019624710083
64,0.7899145254722009,0.8717058404558404,0.8978175576210022,0.8292,8.974568992853164e-05,36.209906578063965
65,0.7841456204737693,0.8746216168091168,0.8959817435264588,0.8306,8.523685187101364e-05,35.620660066604614
66,0.7777786689606148,0.8759793447293447,0.9000372890472412,0.8286,8.07988330721855e-05,36.407381772994995
67,0.7751033367254795,0.8764690170940171,0.8935021307945251,0.8288,7.643648833036422e-05,36.31047964096069
68,0.7721724566231426,0.879852207977208,0.8933982484817505,0.832,7.21545785665512e-05,35.639729499816895
69,0.7689412991885106,0.8810318732193733,0.8995960208892823,0.8258,6.795776188373565e-05,36.318026065826416
70,0.7639727157744927,0.8834579772079773,0.8937052453041077,0.8308,6.385069191455841e-05,35.85156965255737
71,0.7609840977905143,0.8835024928774928,0.8929597860336304,0.8286,5.9837821125984186e-05,35.64137554168701
72,0.7584006361811929,0.8849937678062678,0.8967053044319153,0.8318,5.59235394001007e-05,36.44819378852844
73,0.7582479854594608,0.8844150641025641,0.8976893156051636,0.8322,5.211213827133178e-05,35.66155934333801
74,0.7513422285050069,0.8893785612535613,0.8918323762893676,0.8294,4.840776622295379e-05,35.54909062385559
75,0.7492613279581749,0.8902466168091168,0.8866361656188965,0.8358,4.4814491271972655e-05,36.60473823547363
76,0.7463388769035666,0.8921162749287749,0.8857448805809021,0.839,4.133622944355011e-05,35.704522371292114
77,0.7418910884789253,0.8943643162393162,0.8857367922782898,0.8382,3.79767894744873e-05,36.608227252960205
78,0.7407858937214582,0.8938746438746439,0.8869628118515015,0.8368,3.473984599113464e-05,36.226699352264404
79,0.7354700122124109,0.8956997863247863,0.8841399387359619,0.8394,3.162891268730163e-05,35.65489673614502
80,0.7341049721098354,0.8974804131054132,0.8832415315628052,0.8428,2.864744961261749e-05,36.80191683769226
81,0.7305582323644915,0.8991274928774928,0.885221395778656,0.8406,2.5798675417900082e-05,36.147183418273926
82,0.7325497712844458,0.8967904202279202,0.8864685098648071,0.8362,2.3085710406303404e-05,35.53537631034851
83,0.7264341965020552,0.9011752136752137,0.8827709768295288,0.8358,2.0511531829833984e-05,36.4750440120697
84,0.72439243786695,0.9024439102564102,0.894157940864563,0.8372,1.8078938126564023e-05,35.748992681503296
85,0.72550460433009,0.9016203703703703,0.8799288169860839,0.8392,1.5790602564811706e-05,35.706334829330444
86,0.7270941552613196,0.9011974715099715,0.882002550315857,0.8358,1.3649028539657592e-05,36.5816285610199
87,0.7231725486595066,0.9035345441595442,0.8812048280715943,0.8398,1.1656540632247923e-05,35.58744263648987
88,0.7190863880676421,0.9039129273504274,0.8850214114189148,0.838,9.815320372581481e-06,35.72674012184143
89,0.7207533121109009,0.9030893874643875,0.8859455202102661,0.8408,8.127406239509582e-06,36.50208139419556
90,0.720289669145546,0.9041355056980057,0.8836909332275391,0.8394,6.594631075859069e-06,35.677324533462524
91,0.7179300898839945,0.9060274216524217,0.883545990562439,0.8402,5.218657851219177e-06,35.91936802864075
92,0.716212947653909,0.9055600071225072,0.8843412207603455,0.841,4.001006484031677e-06,36.33842658996582
93,0.7172566833998743,0.9069399928774928,0.8818187640190125,0.8404,2.9430091381072995e-06,35.74238848686218
94,0.7196918832950103,0.9053374287749287,0.8799507402420044,0.8416,2.045801281929016e-06,36.31344294548035
95,0.7172609183863018,0.9055154914529915,0.8828522261619568,0.8398,1.310393214225769e-06,36.15640878677368
96,0.7146076016616277,0.9054932336182336,0.8816893230438232,0.841,7.375627756118773e-07,35.826313734054565
97,0.7131116865706919,0.9071625712250713,0.8815420718193054,0.8402,3.279536962509155e-07,36.24448013305664
98,0.7142524829617253,0.9061387108262108,0.8816835530281066,0.8396,8.201301097869872e-08,36.28925180435181
99,0.717155435655871,0.9057603276353277,0.8816406973838806,0.84,0.0,35.54224920272827
